{"filesMd5":[{"page":"/config/index.js","md5":"c46ea8690fef7140ac77ec9a54f9b5f7"},{"page":"/mediator/index.js","md5":"51549676eeee863e601e49f71e6624b3"},{"page":"/pages/common/calendar/index.js","md5":"c71ada2018a9e870d03f8d018daab77d"},{"page":"/pages/common/search/index.js","md5":"d9e920e0e72afda1da6e97b237ccdce3"},{"page":"/pages/login/forget-password/index.js","md5":"1fa112d89801db35c4ce0900a906fcb0"},{"page":"/pages/login/index.js","md5":"1fd1befbea283741292ac7eef29de3ea"},{"page":"/pages/login/reset-password/index.js","md5":"f805c27ae343e4d62ca1ffd61a3eb15c"},{"page":"/pages/main/data/area-big.js","md5":"491da35525d2845abd0466a638ee8580"},{"page":"/pages/main/data/area-small.js","md5":"c4ffcd968dfe1cbcb029ebff43484401"},{"page":"/pages/main/data/customer.js","md5":"848dcaa9d9382034672e5f9652dc53b2"},{"page":"/pages/main/data/index.js","md5":"b21e942ee3b59c1ab3b4892685a51d6b"},{"page":"/pages/main/data/manager-big.js","md5":"db5ef709fdfcb105349f94d57d1b1baa"},{"page":"/pages/main/data/manager-small.js","md5":"2f1dad3cf9ba0f77b267eb2889458d98"},{"page":"/pages/main/data/product.js","md5":"9f59c6d4b47d6da6051dd0e455721a33"},{"page":"/pages/main/data/sales-rep.js","md5":"a665cf1c44d16a3071c6ac365f0387c9"},{"page":"/pages/main/home/index.js","md5":"6fc93ca90b3d5bbb6bc5e196f91b648c"},{"page":"/pages/main/home/overdue.js","md5":"17ca0c804b6a7242faa598631ffdd6e3"},{"page":"/pages/main/home/schedule-customer.js","md5":"fbdcbe6118f7803e2c5739228eea87f3"},{"page":"/pages/main/home/schedule-product.js","md5":"f47f2577dd92d327d0d4a1fb7de1dfeb"},{"page":"/pages/main/index.js","md5":"49380f4ae53e1aa1299631e5a82fbdbb"},{"page":"/pages/main/mine/account-manage/change-email.js","md5":"7803dc365b4acec24ed85eb11ba5f917"},{"page":"/pages/main/mine/account-manage/change-password.js","md5":"53200c3547589ecefdf09cbefe6e1e1e"},{"page":"/pages/main/mine/account-manage/change-tel.js","md5":"fa54b415d20d9d30e4ec26f3c2187630"},{"page":"/pages/main/mine/account-manage/index.js","md5":"a0923569f1be6a063ed3ca1cfbf336d3"},{"page":"/pages/main/mine/account-manage/safety-tips.js","md5":"f1859302d9a9ec28f68018d29a20a02a"},{"page":"/pages/main/mine/account-manage/safety.js","md5":"61babe4886fc69a6fb5d407c39d78a28"},{"page":"/pages/main/mine/account-manage/tel-succeed.js","md5":"4671eb5900dcd1156430437d48848f13"},{"page":"/pages/main/mine/customer-information/detail-no-pass.js","md5":"7552e61c76c241c090605dcbf8a959c0"},{"page":"/pages/main/mine/address/address-list.js","md5":"ffe21ba440c2c699cf6cbe258d2bc411"},{"page":"/pages/main/mine/customer-information/detail.js","md5":"c1b4f5f76ecdd818d5ecd9b22e3011f8"},{"page":"/pages/main/mine/customer-information/index.js","md5":"37bc7531be6754cdb601e20635553667"},{"page":"/pages/main/mine/extension-activities/add.js","md5":"fd666b75ffb7a6903dd7e84ea830cf66"},{"page":"/pages/main/mine/extension-activities/detail.js","md5":"f22e92e20b7ee0a8980c63cb27b16ee2"},{"page":"/pages/main/mine/index.js","md5":"ceed77a9d921cce685777e7f78a1a108"},{"page":"/pages/main/mine/extension-activities/index.js","md5":"b5f1348f3fe1c6fbe6326aba44d0747a"},{"page":"/pages/main/mine/inventory-information/index.js","md5":"f80a17365ecaa0a5f26f5c4179fd0b42"},{"page":"/pages/main/mine/my-message/detail.js","md5":"747ee0d02138f1bcd5988412f80fbfdd"},{"page":"/pages/main/mine/my-message/index.js","md5":"b9ab914a20be71925d12eef7512ed940"},{"page":"/pages/main/mine/inventory-information/inventory-list.js","md5":"77820623d200b3f5a217cd8144b02ad3"},{"page":"/pages/main/mine/logistics/detail.js","md5":"5e52da91dea0d086692b52c5b8be629c"},{"page":"/pages/main/mine/order/index.js","md5":"579f05dd7f18127a431473e5b8b02f5b"},{"page":"/pages/main/mine/order/detail.js","md5":"6fdc61663e560dc814b5ba54f9eadba8"},{"page":"/pages/main/mine/set-up/about.js","md5":"fc023e9f4ad6e63bc99f533b457d68ae"},{"page":"/pages/main/mine/sample-request/add.js","md5":"cb671db49205a3c5cc5dbdd38cf2b373"},{"page":"/pages/main/mine/set-up/help-center.js","md5":"531bac57acef171c1eea072dd221bb62"},{"page":"/pages/main/mine/sample-request/detail.js","md5":"6865ac54826111b700f7b67848932581"},{"page":"/pages/main/mine/set-up/special-statement.js","md5":"f494e08df6561365f4021bc708d1b91f"},{"page":"/pages/main/order/message.js","md5":"f153ccd1ee71cb6a4e4f5c52e743722c"},{"page":"/pages/main/mine/sample-request/index.js","md5":"856901bc9378c85f2f9135420192016c"},{"page":"/pages/main/mine/set-up/index.js","md5":"abd4aedb517910f2fc3fdb7a203856bf"},{"page":"/pages/main/order/index.js","md5":"f544b9d7235d7e1ea0cdf4e81b5809f8"},{"page":"/pages/main/order/separate-bill.js","md5":"f7da18c563b30fbb82bbc28d766cc3ec"},{"page":"/pages/main/order/multi-search/index.js","md5":"679c157a9fae009b2877887c0e078436"},{"page":"/pages/main/order/perfect-pay.js","md5":"2473a1c33632d7ade527ec15ff6b53b8"},{"page":"/iconfont/iconfont.ttf","md5":"83cabd38049eb1fd71bf60230ff6142e"},{"page":"/assets/about_logo@3x.png","md5":"64a4cb0ca244d3bea00763c4748a2ee8"},{"page":"/assets/avatar@3x.png","md5":"1157e9ad5db380fe705542cd229f14d3"},{"page":"/assets/banner1@3x.png","md5":"f55046521b229b1bcfbc2782aa277f22"},{"page":"/assets/banner2@3x.png","md5":"f14cee95f7aac00577a4341128235981"},{"page":"/assets/check_box.png","md5":"12452b0199750b22195ed9731738f78c"},{"page":"/assets/check_box_outline_blank.png","md5":"606d249bb4d870947514828d8b061b5f"},{"page":"/assets/chem-logo.png","md5":"b66b9da419d8239da5510577e528c2d2"},{"page":"/assets/code@3x.png","md5":"31ba5b5101814b7197189399d8e4cf22"},{"page":"/assets/load@3x.gif","md5":"b05b62b09001839019857c5afde306b8"},{"page":"/assets/login-bg@3x.png","md5":"768e37e09626e1919cd5a342f7e50c7a"},{"page":"/assets/logo@3x.png","md5":"62cead0e5647288b7db99a94b12dcf28"},{"page":"/assets/overdue.png","md5":"4e9a2784fadd9b3498e137f5c454540d"},{"page":"/assets/page_error@3x.png","md5":"53f6c0faead7e3bae8119d7d8e327912"},{"page":"/assets/pic_banner01@3x.jpg","md5":"27453a6209563533ab0c8b9c2d67af8c"},{"page":"/assets/pic_banner02@3x.jpg","md5":"8f3a9eecc550fee21eff5d2c65e0dae5"},{"page":"/assets/pic_banner03@3x.jpg","md5":"ec57856aca8426c3c7bdbb7ee4fb8022"},{"page":"/assets/product-default@3x.jpg","md5":"32c337a1f7f4a4f14ca4da8208b1e9bb"},{"page":"/assets/refresh_pull_icon.png","md5":"12e68458c646d118298aac40fb038c11"},{"page":"/assets/thumbs-default@3x.jpg","md5":"823b1b6c7c3d90efe61ec4b3e000b426"},{"page":"/assets/base/arrow-bottom@3x.png","md5":"47aac3a1d1e3909ac675f8ac9305832e"},{"page":"/assets/base/arrow-left@3x.png","md5":"70683847d096295ddc732601271805a2"},{"page":"/assets/base/arrow-right@3x.png","md5":"09239bd0142d6de007ca5021a2d2f8c2"},{"page":"/assets/base/arrow-top@3x.png","md5":"479a4a8661f48d217a688ce38c44de25"},{"page":"/assets/base/arrow@3x.png","md5":"479a4a8661f48d217a688ce38c44de25"},{"page":"/assets/buyer-index/block-chlor-alkali-banner.jpg","md5":"e2beab6d5827ce8d0686b26de818e936"},{"page":"/assets/buyer-index/block-chlor-alkali-product1.jpg","md5":"80b5b5f36b520602a54bb4887e80d47f"},{"page":"/assets/buyer-index/block-chlor-alkali-product2.jpg","md5":"45caeeb4b8ebb3cf32364ab07dba46f3"},{"page":"/assets/buyer-index/block-life-banner.jpg","md5":"12e90a3e9846785140ca0728ef4bddab"},{"page":"/assets/buyer-index/block-life-product1.jpg","md5":"55f1fd643100dd6e6994c8215c48f539"},{"page":"/assets/buyer-index/block-life-product2.jpg","md5":"b6d06532f8d831c58218abab6d5a7be4"},{"page":"/assets/buyer-index/block-life-product3.png","md5":"6e36f0e186936b0b61e01ced420fdcd4"},{"page":"/assets/buyer-index/block-oil-banner.jpg","md5":"f2f1e145dbe6a9c0c27978234bfbe5e4"},{"page":"/assets/buyer-index/block-oil-product1.jpg","md5":"f8b4c02fafdb5950f675213a6317aa40"},{"page":"/assets/buyer-index/block-oil-product2.jpg","md5":"a2363596c530af5a042df342edbcd98d"},{"page":"/assets/buyer-index/buyer-index-banner.jpg","md5":"488faf53bf9d0ee0c57f74a3ad2cfdb6"},{"page":"/assets/buyer-index/buyer-index-fav-product1.jpg","md5":"bc4049a2cd35a17700dd23acbce629cb"},{"page":"/assets/buyer-index/buyer-index-fav-product2.jpg","md5":"b52176061d80b8a92841b8a36cf64156"},{"page":"/assets/buyer-index/buyer-index-fav-product3.jpg","md5":"7cad7e0bad6a7f4553dc1703937a8e44"},{"page":"/assets/buyer-index/buyer-index-fav-product4.jpg","md5":"a238b7ad11c1ea4cdbeb49808d047ad4"},{"page":"/assets/buyer-index/buyer-index-fav-product5.jpg","md5":"42ce98a81097eabc47a373633b8e662b"},{"page":"/assets/buyer-index/buyer-index-fav-product6.jpg","md5":"157ad4b0dd80824d23cc7ad8fae17d94"},{"page":"/assets/buyer-index/buyer-index-fav-product7.jpg","md5":"cce98411ebfa13b724310e1abf89e0cb"},{"page":"/assets/buyer-index/buyer-index-nav1.png","md5":"cafc3e23f6589bc508439275b74ab9c7"},{"page":"/assets/buyer-index/buyer-index-nav2.png","md5":"165b96bcf131c1a9e16a5af54422eb9c"},{"page":"/assets/buyer-index/buyer-index-nav3.png","md5":"ca7a8fe45adcc986d72faffe5a535682"},{"page":"/assets/buyer-index/buyer-index-nav4.png","md5":"03170a2908bc5a46a3e5534ddc28b867"},{"page":"/assets/buyer-index/pic_pro004.png","md5":"4d06f967836fb767811b36dc7ec483be"},{"page":"/assets/buyer-index/pic_pro006.png","md5":"26d0bb13e3131d42e87d2f8e3ceace4a"},{"page":"/assets/buyer-index/pic_pro009.png","md5":"1d144c42a5f37cbe216a84ff42ede796"},{"page":"/assets/discover/technology_pic01.jpg","md5":"fe7f6ec9b7852c8e2bae3964298485eb"},{"page":"/assets/discover/technology_pic02.jpg","md5":"5f255d91ad068078c763e928a7661118"},{"page":"/assets/echarts/bm-chart.html","md5":"c09038bddeeacad168a96ee83b2aa115"},{"page":"/assets/echarts/echarts.min.js","md5":"136d4f803a269f084bb612576edcaf1b"},{"page":"/assets/fenni/back.png","md5":"59d54b10a23a15292af918d842f8703c"},{"page":"/assets/fenni/car.png","md5":"768d8efb2b24bc93fce7e39debada854"},{"page":"/assets/fenni/chair.png","md5":"3deb817c7403c1dade63a992430f1ea1"},{"page":"/assets/fenni/circle-plane.png","md5":"18480ace54262f6b452e5af2eebfc188"},{"page":"/assets/fenni/cloud.png","md5":"3424c4056cccd7bb77db00b98252d141"},{"page":"/assets/fenni/hainan.png","md5":"d0bbbafdf16f65363745428dda3e772d"},{"page":"/assets/fenni/house.png","md5":"9e443a685494f1dcf9bae7c19dcc28e3"},{"page":"/assets/fenni/lamp.png","md5":"c91ef97c4f604f759bb16782776b5b3d"},{"page":"/assets/fenni/message.png","md5":"85fafd9cce4babc9b69688f41e8d867f"},{"page":"/assets/fenni/plus.png","md5":"e557d3041b3f5947b884f8c03d6cf0c8"},{"page":"/assets/fenni/white_plane.png","md5":"6da1f6a63281cef1ef04b37519792ed2"},{"page":"/assets/filter/check-online.png","md5":"624c036b4342741364b1bfcee96333f9"},{"page":"/assets/filter/check-unline.png","md5":"e8556b0dfe85e3bd5fe2483f085f5a0b"},{"page":"/assets/filter/check.png","md5":"37bdebc47ac8640c46fbf4f1cab490ae"},{"page":"/assets/filter/lefticon.png","md5":"c38257361f7af80dad9ba5c8e030f907"},{"page":"/assets/mine/allorder@3x.png","md5":"4b216bda25ed8d45820f70c393118d64"},{"page":"/assets/mine/arrow_right@3x.png","md5":"365cff412f768a68608114baae65cf44"},{"page":"/assets/mine/arrowline.png","md5":"630338a0642da7ee2ac7f03f5e03c694"},{"page":"/assets/mine/arrowline@3x.png","md5":"630338a0642da7ee2ac7f03f5e03c694"},{"page":"/assets/mine/closed@3x.png","md5":"93228ee9ae0bc71d1c3dec148aa63ede"},{"page":"/assets/mine/code.jpg","md5":"3c0b2649b2dc6bbd6d71730b11e876f3"},{"page":"/assets/mine/computer@3x.png","md5":"92db92e66d1fcdb94e7fd52b4ed76188"},{"page":"/assets/mine/diamonds@3x.png","md5":"664677e37fd8a1121c3cb568e58b6688"},{"page":"/assets/mine/executing@3x.png","md5":"84a249a84f167d32f9c404821809bfbd"},{"page":"/assets/mine/ineffective@3x.png","md5":"f5b1be96656bec19ba3f44a150b053f1"},{"page":"/assets/mine/invoice@3x.png","md5":"76692a15b6e2ae6251e759392ba2f079"},{"page":"/assets/mine/messagepush@3x.png","md5":"b697452f87c26edccd747c9f737973c7"},{"page":"/assets/mine/mine.png","md5":"7754ba7cf381c0bce0ee1fc07acfdd44"},{"page":"/assets/mine/myaddress@3x.png","md5":"1fa17ba93a2050a52e0c7511ddb7e0d6"},{"page":"/assets/mine/myagreement@3x.png","md5":"a52101f12e3ec32ea581d50f9cdcc85e"},{"page":"/assets/mine/mycapital@3x.png","md5":"2b681ba7dfadbd6ed7db2a18a2b54e86"},{"page":"/assets/mine/mycollection@3x.png","md5":"f1c6089fa1a7994b4f629fd6a16db229"},{"page":"/assets/mine/myfollow@3x.png","md5":"234f23f4900099799c0d31c111da3716"},{"page":"/assets/mine/myintegral@3x.png","md5":"086f1e11a681d0b7fb7783c6597d6ff7"},{"page":"/assets/mine/pic.png","md5":"d788ffcb06d6f5bc0a2f7b5c9a8f2854"},{"page":"/assets/mine/qualifications@3x.png","md5":"4ac6586d5c8192221c1e4494e9357d35"},{"page":"/assets/mine/setup.png","md5":"a12132ca3cbad200c473a165708195c7"},{"page":"/assets/mine/setup@3x.png","md5":"a12132ca3cbad200c473a165708195c7"},{"page":"/assets/mine/subscribe@3x.png","md5":"d5154da139c8dec9fa31d7f9773663ec"}],"android":"1.0","iOS":"1.0.0","appName":"eros-chem-demo","jsVersion":"e22a29a92c005c58156bc2b6bb4d9e3b","timestamp":1542580068749,"jsPath":"http://47.100.200.134:3001/static/incrementalPackage"}
